part,qtyPerBox,client,machine,labelFormat
#10992,10000,summo,,
.4B17THWOX/B,5000,PENN Engineered Fasteners Corp.,,
.4H19RWP0/ABPSO,4500,PENN Engineered Fasteners Corp.,,
.4H19RWPO/ABP,4500,PENN Engineered Fasteners Corp.,,
.5N22PDP0,4000,PENN Engineered Fasteners Corp.,,
.5N35XCM0X,1500,PENN Engineered Fasteners Corp.,,
.5N35XCO/88DOS437M,1500,PENN Engineered Fasteners Corp.,,
.6C15HFB0/PS8,2400,PENN Engineered Fasteners Corp.,,
.8C254KBO0X/109,1200,PENN Engineered Fasteners Corp.,,
02-12-00031,1000,L&M,,
04749164AA,2800,INFASCO,,
06100050,1500,INFASCO,,
06101447,3000,INFASCO,,
06101736,3200,INFASCO,,
06101831,1000,INFASCO,,
06101831',960,Infasco,,
06101968,2200,INFASCO,,
06102398AA,4800,INFASCO,,
06102612AA,1800,Infasco,,
06104384AA,750,INFASCO,,
06104388AA,660,Infasco,,
06104725AA,2800,INFASCO,,
06105048AA,800,INFASCO,,
06105049AA,800,INFASCO,,
06105051AA,620,INFASCO,,
06105102AA,670,INFASCO,,
06502979,750,INFASCO,,
06503825,1500,INFASCO,,
06504080,6000,INFASCO,,
06505246AA,960,INFASCO,,
06505668AA,1050,INFASCO,,
06506707AA,820,INFASCO,,
06508265AA,1250,INFASCO,,
06508711AA,575,INFASCO,,
06508741AA,2100,Infasco,,
06509078AA,250,Infasco,,
06509475AA,450,INFASCO,,
06509598AA,170,Infasco,,
06509787AA,670,INFASCO,,
06509818AA,1000,COLLISON-GOLL,,
06509967AA,825,INFASCO,,
06510210AA,240,INFASCO,,
06510498AA,250,INFASCO,,
06510713AA,3000,Collison goll,,
06510866AA,1900,Infasco,,
06510997AA,75,Infasco,,
06511637AA,1200,Infasco,,
06511672AA,1400,Infasco,,
06511689AA,300,Infasco,,
06511701AA,2300,Infasco,,
06511777AA,410,INFASCO,,
06511799AA,1800,INFASCO,,
06511800AA,550,INFASCO,,
06511834AA,100,Infasco,,
06511847AA,750,Infasco,,
06512104AA,525,INFASCO,,
06512106AA,200,Infasco,,
06512149AA,1300,Infasco,,
06512278AA,1950,Infasco,,
06512313AA,3500,Infasco,,
06512349AA,400,INFASCO,,
06512544AA,750,Infasco,,
06512671AA,400,INFASCO,,
06512686AA,950,INFASCO,,
06512834AA,290,INFASCO,,
06512851AA,1050,Infasco,,
06513399AA,230,INFASCO,,
06513404AA,120,INFASCO,,
06513485AA,2050,INFASCO,,
06513514AA,360,,,
06513554AA,380,INFASCO,,
06513555AA,440,INFASCO,,
06513805AA,460,INFASCO,,
06513904AA,300,INFASCO,,
06513987AA,60,INFASCO,,
06513990AA,60,INFASCO,,
06514056AA,1000,INFASCO,,
06514085AA,330,INFASCO,,
06514094AA,330,INFASCO,,
06514113AA,2100,INFASCO,,
06514141AA,2400,INFASCO,,
06514142AA,430,INFASCO,,
06514149AA,350,INFASCO,,
06514434AA,940,INFASCO,,
06514720AA,1250,INFASCO,,
0654472AA,1400,Infasco,,
07336-54-D01,1350,Infasco,,
10-79087,1800,Infasco,,
100-5829,2000,THOMSON,,
100-5833,2000,Thompson Fasteners,,
100-6164,400,Thompson Fasteners,,
100-6347,100000,THOMSON,,
100-6368,1000,Thomson Fasteners,,
1007415A,5000,R&R rivet,,
10083390,875,Infasco,,
1015463X-03,3000,PENN Engineered Fasteners Corp.,,
1022068,450,Infasco,,
1022168,1100,Infasco,,
1022268,900,Infasco,,
102325,300,i,,
10296897,3000,Collison goll,,
10383,10000,JTF DAVCO,,
10383/10475,10000,JTF Davco,,
10406,5000,JTF Davco,,
10406/10407,5000,JTF Davco,,
10500,8000,Davco,,
10505,1000,Davco,,
10507,2500,JTF Davco,,
10514-505-BX,1400,PENN Engineered Fasteners Corp.,,
1052641-DWG,600,PENN Engineered Fasteners Corp.,,
1059024X02,1500,PENN Engineered Fasteners Corp.,,
1069640X-02,3700,PENN Engineered Fasteners Corp.,,
10856,7000,Summo,,
10992,10000,Summo Steel,,
10C50MPX0,8000,PENN Engineered Fasteners Corp.,,
11221648,1950,INFASCO,,
11263,10000,Summo,,
113900048,900,Infasco,,
114005BS,15000,PENN Engineered Fasteners Corp.,,
11418,4000,Summo Steel,,
11502717,1300,Infasco,,
11502717-TN-TC,1300,,,
11514517,2200,Infasco,,
11514596,2500,Infasco,,
11514597,1300,Infasco,,
11514598,700,Infasco,,
11515744,800,Infasco,,
11515889,1500,Infasco,,
11516072,2200,Infasco,,
11516073,1200,Infasco,,
11516074,700,Infasco,,
11516076,2200,Infasco,,
11516077,1200,Infasco,,
11516077BR,1200,INFASCO,,
11516078,700,Infasco,,
11516133,500,Infasco,,
11516382,450,Infasco,,
11516383,300,Infasco,,
11516650,800,Infasco,,
11516754,650,Infasco,,
11516755,500,Infasco,,
11516781,800,Infasco,,
11516782,500,Infasco,,
11516783,350,Infasco,,
11516784,250,Infasco,,
11517068,5000,Infasco,,
11517665,3000,Infasco,,
11517996,1200,Infasco,,
11518428,1200,Infasco,,
11518532,1400,Infasco,,
11518565,500,Magnum 2000,,
11519114,600,Infasco,,
11546333,800,INFASCO,,
11546335,3500,Infasco,,
11546364,3500,Infasco,,
11546364-PH-RO,3500,INFASCO,,
11546365,1900,Infasco,,
11546365-PH-RO,3500,INFASCO,,
11546366,1000,Infasco,,
11546367,700,Infasco,,
11546368,450,Infasco,,
11546369,300,Infasco,,
11546370,220,Infasco,,
11546377,2150,Infasco,,
11546377-PH-RO,2150,INFASCO,,
11546377BR,2000,INFASCO,,
11546378,1250,Infasco,,
11546378-CA,1250,,,
11546378CH,1250,INFASCO,,
11546379,700,Infasco,,
11546388,6750,Infasco,,
11546389,4500,Infasco,,
11546389-PH-RO,4500,INFASCO,,
11546389BR,3900,INFASCO,,
11546389BR-PH-RO,3900,,,
11546391,4500,Infasco,,
11546437,1500,Infasco,,
11546438,1200,Infasco,,
11546439,2500,Infasco,,
11546440,1550,Infasco,,
11546448,3300,Infasco,,
11546449,2500,Infasco,,
11546456,2700,Infasco,,
11546462,650,Infasco,,
11546463,450,Infasco,,
11546465,1100,Infasco,,
11546545,2500,Infasco,,
11546546,1600,Infasco,,
11546566,1800,Infasco,,
11546571,1550,Infasco,,
11546593,700,Infasco,,
11546656,1500,Infasco,,
11546676M,2000,Infasco,,
11546703,4000,Infasco,,
11546774,450,Infasco,,
11546860,3000,Infasco,,
11547059,550,Infasco,,
11547090,830,Infasco,,
11547103,275,Infasco,,
11547139,700,Infasco,,
11547176,850,Infasco,,
11547205,700,Infasco,,
11547274,4000,Infasco,,
11547327,800,Infasco,,
11547349,350,Infasco,,
11547369,250,Infasco,,
11547417,2500,Infasco,,
11547423,875,Infasco,,
11547509,550,Infasco,,
11547684,375,Infasco,,
11547685,225,Infasco,,
11547763,1800,Infasco,,
11547830,275,Infasco,,
11547929,3000,Infasco,,
11547985,1250,Infasco,,
11548144,650,Infasco,,
11548147,250,Infasco,,
11548357,800,INFASCO,,
11548360,800,Infasco,,
11548414,485,Infasco,,
11548453,250,Infasco,,
11548535,150,Infasco,,
11548630,1000,Infasco,,
11548875,1300,Infasco,,
11549058,2450,Infasco,,
11549168,1000,Infasco,,
11549168-IN-BA,1000,INFASCO,,
11549168-VN-VT,1000,,,
11549168CH,1000,INFASCO,,
11549169,660,Infasco,,
11549169-M12NUT-002,660,Infasco,,
11549170,400,Infasco,,
11549171,280,Infasco,,
11549204,210,Infasco,,
11549368,1000,Infasco,,
11549637,900,Infasco,,
11561114,400,Infasco,,
11561395,2500,Infasco,,
11561645,4000,Infasco,,
11561662,1100,Infasco,,
11562338,2000,Infasco,,
11562515,1900,Infasco,,
11569605,1500,Infasco,,
11569637,900,Infasco,,
11569638,800,Infasco,,
11569655,250,Infasco,,
11588293,1150,Infasco,,
11588325,500,Infasco,,
11588560,700,Infasco,,
11588709,2200,Infasco,,
11588714,1400,Infasco,,
11601733,5100,Infasco,,
11601873,550,Infasco,,
11602023,1350,Infasco,,
11602031,145,Infasco,,
11602292,1000,Infasco,,
11602326,120,Infasco,,
11602545,215,INFASCO,,
11602659,550,Infasco,,
11602718,8000,Infasco,,
11602858,800,INFASCO,,
11602888,425,Infasco,,
11602904,1200,Infasco,,
11603225,2000,Infasco,,
11603389,700,Infasco,,
11603904,600,Infasco,,
11603941,440,INFASCO,,
11604000,585,Infasco,,
11604143,6500,Infasco,,
11604183,370,Infasco,,
11604439,700,Infasco,,
11604820,330,INFASCO,,
11604852,550,INFASCO,,
11609204,210,Infasco,,
11609208,2000,Infasco,,
11609279,4000,Infasco,,
11609280,2000,Infasco,,
11609411,3000,Infasco,,
11609486,200,Infasco,,
11609618,800,Infasco,,
11609688,700,PENN Engineered Fasteners Corp.,,
11609746,2200,Infasco,,
11609789,3600,Infasco,,
11609789-IN-MR,3600,,,
11609826,175,Infasco,,
11610091,2500,Infasco,,
11610091S,2000,Infasco,,
11610091T,2500,Infasco,,
11610122,1200,Infasco,,
11610126,1200,Infasco,,
11610126-BR,1200,,,
11610128,1125,Infasco,,
11610376,900,Infasco,,
11610535,800,Infasco,,
11610544,2000,L&M Fasteners Inc.,,
11610762,1400,PENN Engineered Fasteners Corp.,,
11611121,1300,Infasco,,
11611122,1850,Infasco,,
11611431,475,Infasco,,
11611548,100,Infasco,,
11611653,800,Infasco,,
11611883,5500,Infasco,,
11611883-CA-VQ,5500,INFASCO,,
11611887,7600,Infasco,,
11611960,8000,Infasco,,
11611990,800,Infasco,,
11612025,2500,Infasco,,
11612078,1850,Infasco,,
11612234,1100,Infasco,,
11612261,300,Infasco,,
11612292,1000,Infasco,,
11739913,1200,Infasco,,
1200-01255Z,10000,SUPER FINISH,,
12627013,300,pmg indiana corp,,
1290570,1300,Jobal,,
13228-0022,2100,Infasco,,
1360567,500,JOBAL,,
1400,1400,Infasco,,
1400-N,1400,Infasco,,
140017,2600,commercial spring,,
140019,2500,,,
1401-N,1100,Infasco,,
1420503001,1500,Infasco,,
1454548-00,850,Infasco,,
15017238,400,Infasco,,
15046285,250,Infasco,,
15047163,2000,Infasco,,
1568517,2700,Infasco,,
15685170,2700,Infasco,,
1569605,1500,Infasco,,
15997322,600,INFASCO,,
160317P5,1000,GH Precision Products Inc.,,
1732238-6,3500,Sigma Moulders,,
18001,10000,TARUNSIKA,,
1910058100,300,FLEX N GATE,,
1910065101,3000,FLEX N GATE,,
1910066101,3000,FLEX N GATE,,
1910067101,3000,FLEX N GATE,,
1910070101,3000,FLEX N GATE,,
1920033002,1500,DYNAPLAS,,
1920111001,4000,FLEX N GATE,,
1920135000,600,FLEX N GATE,,
19810,650,Infasco,,
1K2GZ0-00,4500,Infasco,,
200393508,1200,Infasco,,
2003935508,1200,,,
20272971,5000,Focus Machine,,
20SM3-N100-0015,1200,INFASCO,,
22275103AA,1200,Infasco,,
2275103AA,1200,Infasco,,
22764042,250,Infasco,,
22800396,1300,Infasco,,
24259084,1000,OmniLink,,
24427844,750,Infasco,,
2452945-AB,500,QSS,,
2452945-AC,500,QSS,,
250200137,1250,FREEWAY WASHER,,
25911-PH3-90,500,Magnum 2000,,
26.5116.4818.1.00,300,Commecial Spring,,
28048-SPL,800,PREMIER,,
2W0399928,4500,Infasco,,
300465MOD,2400,National engineered fasteners,,
30093-07B,2200,Infasco,,
30140046,1500,Premier,,
30140051,2000,Premier,,
30140052,2000,Premier,,
3019665,1000,L&M Fasteners Inc.,,
3035,9000,S & E MANUFACTURING,,
3036759SORT,4000,National engineered fasteners,,
3052243-03S,1500,Infasco,,
3052246-04S,2150,Infasco,,
3052250-02S,650,Infasco,,
3059213-01S,450,Infasco,,
31C200FFS0P,900,PENN Engineered Fasteners Corp.,,
33771-S2,1100,INFASCO,,
382802-S440,1150,INFASCO,,
3866766,2100,Infasco,,
400-5828,4000,Thompson Fasteners,,
40036916,3750,Infasco,,
40036961,3750,Infasco,,
40037 S0L009,160,GPD,,
40037-SOL009,1500,Turn-0-Martic,,
40037574,150,Infasco,,
40050697,160,Infasco,,
40068074,150,Infasco,,
40073474,150,Infasco,,
40109770,250,Infasco,,
40110160,200,Infasco,,
40161567,175,Infasco,,
40173371,1750,Infasco,,
40179994,170,Infasco,,
40179995,270,Infasco,,
4019770,250,Infasco,,
40204491,625,Infasco,,
40239029,1200,Infasco,,
41019770,250,Infasco,,
4200818SHJ5A00Z,1000,Infasco,,
42068967,320,INFASCO,,
4401X01-X03-CUS,2000,Accurate Fasteners,,
4406910X1,1600,PENN Engineered Fasteners Corp.,,
4406926A00,550,PENN Engineered Fasteners Corp.,,
4407034,1000,PENN Engineered Fasteners Corp.,,
4519-19,1100,Infasco,,
47336AE,660,INFASCO,,
4780-02,1000,L&M,,
4H16XIF,5000,PENN Engineered Fasteners Corp.,,
500009196,1200,Infasco,,
500009297,1200,Infasco,,
501571B,1100,Infasco,,
50223-TRO-E01,200,Focus Machine,,
52056965,700,Infasco,,
5232-28,700,Infasco,,
5284289AA,3000,,,
5332SP-SS-00S-KML,100,Accurate Fasteners,,
54041001,225,INFASCO,,
54043001,425,Infasco,,
54049001,425,INFASCO,,
55364498AA,520,INFASCO,,
55718-S2,900,INFASCO,,
5800001PS,5000,PENN Engineered Fasteners Corp.,,
59 114 21C,4000,RB & W,,
590-0-M8/14,1000,Karan Fasteners,,
60852-901,2200,Infasco,,
6100050,1500,Infasco,,
6101736,3200,Infasco,,
6101831,1000,Infasco,,
6101968,2200,Infasco,,
61273,300,Infasco,,
61499,2000,Focus Machine,,
61525,3000,Infasco,,
63-1172A,2500,ultra form,,
6502697,620,Infasco,,
6502979,750,Infasco,,
6503825,1500,Infasco,,
6504080,6000,INFASCO,,
68496005AA,670,INFASCO,,
6C50BHXO/MP88G,900,PENN Engineered Fasteners Corp.,,
6N0SWW0X,1500,PENN Engineered Fasteners Corp.,,
6N20HFC0,2000,PENN Engineered Fasteners Corp.,,
6N35HFC0,1000,PENN Engineered Fasteners Corp.,,
7140-00018AA,650,Infasco,,
714105,450,,,
7150-1549-03,815,Infasco,,
7150-3033-02,1500,Infasco,,
7150-3036-W0,725,Infasco,,
7150-5520-03,2700,Infasco,,
7150-9333-03,2700,Infasco,,
7151-5010-0W,1700,Infasco,,
7151101806,3300,Infasco,,
7151143403,1750,INFASCO,,
715150010W,2500,INFASCO,,
73.1138.9562,2000,Karan Fasteners,,
7320491,1900,Infasco,,
742000047,700,Infasco,,
742000064,700,Infasco,,
75.0610.6074,300,Magnum 2000,,
76-51064,800,Allied Forming,,
76-51602,800,Ultra Form,,
76A-51600,3000,Ultra Form,,
76A-52025,3000,ULTRA FORM,,
8-565,1000,COLLISON-GOLL,,
80750A,1000,Premier,,
810146D,2000,Focus Machine,,
811227C,1950,Infasco,,
812820-DWG,2000,PENN Engineered Fasteners Corp.,,
82-4764,2500,Ultra-Form,,
82-51318,960,Dana Canada,,
82218,320,Infasco,,
82222,175,Infasco,,
82244,600,Infasco,,
82246,250,Infasco,,
82247,220,Infasco,,
82248,1050,Infasco,,
82250,625,Infasco,,
82253,1350,Infasco,,
82254,1875,Infasco,,
82D-4764,2500,Ultra Form,,
83106,4500,Infasco,,
8321169,500,JOBAL,,
85158,600,Infasco,,
85158B,600,INFASCO,,
85158MODF1,600,INFASCO,,
87584/C1,1000,Magnum 2000,,
8A75UHWOZ,8000,PENN Engineered Fasteners Corp.,,
8C25XCMO-98PS,750,PENN Engineered Fasteners Corp.,,
900-6083,500,Thompson Fasteners,,
900-6085,1000,Thompson Fasteners,,
900-6156,100000,Thomson Fasteners,,
900-6174,2500,Thompson Fasteners,,
90155-03,2000,R&R Rivet,,
90280051,4000,Infasco,,
91054,1700,INFASCO,,
91054CH,1700,INFASCO,,
91058,1200,Infasco,,
9132268,2400,Infasco,,
91868,1250,Infasco,,
92468,1000,Infasco,,
94012038,4000,Infasco,,
94012039,2500,Infasco,,
94012078,100,Infasco,,
94012150,325,Infasco,,
94728804,1100,Infasco,,
98055704,4000,Infasco,,
99704753158AA,10000,Focus Machine,,
99704753159AA,10000,Focus Machine,,
99724260265,5000,New Cornerstone Trading,,
9L8P-7G215-DA,2000,Freeway Washer,,
A-0173B,350,jeyco,,
A4495AB,775,INFASCO,,
A5740-G5-JSPR,2000,CMI,,
A6459-BM-98,1500,CMI,,
A7460-1,650,CMI,,
A7460-2,500,CMI,,
A8155,2500,CMI,,
A8437,4000,cmi,,
A8489,5000,CMI,,
A8503,1300,CMI,,
A8615,3000,CMI,,
A8685,2000,CMI,,
A8691,1200,CMI,,
A8695-1,150,CMI,,
A8712,800,CMI,,
AA0191-P003AH,300,Focus Machine,,
AA0191-P004AF,300,Focus Machine,,
AA0516-P162AA,10000,Focus Machine,,
AA1153-P311AA,144,GLOBLE POINT,,
ACLCMGY0500C,850,Infasco,,
ANM-12TOPLOK--%3,650,Infasco,,
AS1503058-1,3000,Infasco,,
B1300AC-RB,225,Infasco,,
B2FI0008AAF00,2000,Magnum 2000,,
BL0000423,1000,Magnum 2000,,
BL3W-4320-BA,220,INFASCO,,
BO4044-00,350,Infasco,,
BUS814722-1,400,SIRIUS,,
BUS814723-1,490,SIRIUS,,
C51017,800,Infasco,,
C5183,1200,Infasco,,
C8SZ-6A529A,1100,Infasco,,
CAMS1034CA-040PAK,528,Commecial Spring,,
CAMS1035CA-040PAK,528,Commecial Spring,,
CN-M8-1.25X270,2000,Algood Caster,,
CY5011-A1,1900,Infasco,,
D-0346B,2000,jeyco,,
D-0349C,500,jeyco,,
D-0424A,3000,jeyco,,
D-0438B,1500,jeyco,,
D-0516C,750,JEYCO,,
DIN6921,1800,Infasco,,
E11273,300,Magnum 2000,,
E12538,2150,Infasco,,
E12540,3500,Infasco,,
E4074210,1700,Infasco,,
E6267AA,525,Infasco,,
E6267AB,525,Infasco,,
F1302AB,700,INFASCO,,
FD3054-4,1000,PENN Engineered Fasteners Corp.,,
FE11065,5000,S & E MANUFACTURING,,
FE1140H,5000,S & E MANUFACTURING,,
FE11466,5000,S & E MANUFACTURING,,
FE140696,5000,S & E MANUFACTURING,,
FE140699,5000,S & E MANUFACTURING,,
FE5016,2000,MSB,,
FE5097-CA,1400,Infasco,,
FSN035,250,PREMIER,,
FU7J3B477AA,150,Infasco,,
G19242B060,3800,Infasco,,
G19242B080,2300,Infasco,,
G5030AC,1800,Infasco,,
G5100AA,1050,Infasco,,
G51017,800,Infasco,,
GAPN4654-14,1500,PENN Engineered Fasteners Corp.,,
GM1622-3,3000,PENN Engineered Fasteners Corp.,,
GMP7773AA,3100,INFASCO,,
H62324,1200,,,
H62324A,1200,Infasco,,
H62324AA,1200,Infasco,,
H62534A,750,,,
HBB-075,450,Magnum 2000,,
HBE-090,450,Magnum 2000,,
HILE1067EA,2500,Precision Fasteners,,
HL3P-7G163-AA,200,Magnum 2000,,
HL3W-4320-AA,200,INFASCO,,
HL3W-4320-AA-ST8,200,INFASCO,,
IF4JZ0-00,250,Infasco,,
JOHN1037AA-020SRE,4000,commercial spring,,
K1018AD,200,FORMNET INC.,,
K1046AB,1600,Infasco,,
K15H4048-2H8,3000,LeLand Industries Inc.,,
KEYK1048BA,65,commercial spring,,
KEYK1049BA,65,commercial spring,,
KIT 02520062Z,1000,Accurate Fasteners,,
KIT 02520075Z,1000,Accurate Fasteners,,
KIT 02520250,1000,ACCURATE FASTENERS,,
KIT C72011,600,Accurate Fasteners,,
KIT E030106,1000,Accurate Fasteners,,
L0668498AA01,4000,Infasco,,
L0668498AA02,4000,INFASCO,,
LIM815281,3500,SIRUS,,
LIM815504,3500,SIRUS,,
LX6A-62428-BD-58502,1100,Infasco,,
LX6A-62428-BD-58502-RB,1100,Infasco,,
M0401001,2500,Infasco,,
M10125NILN,1000,Infasco,,
M12175-ISO7043,575,Infasco,,
M1428AC,200,Infasco,,
M1482AC,200,Infasco,,
M1495AA,130,,,
M1495AB,130,,,
M1549,70000,R&R Rivet,,
M1745AB,300,Infasco,,
M1811AA,200,Infasco,,
M51017,800,Infasco,,
M51020,1200,Infasco,,
M5HFN10-PS11036,6400,Infasco,,
M5HFN10PS11036,6400,Infasco,,
M93000252,2500,Infasco,,
M93000340,1800,Infasco,,
MF03118125CMIP,1000,Accurate Fasteners,,
MF6193,3300,Infasco,,
MX200455,1000,Magnum 2000,,
MX201580,1000,MAGNUM 2000,,
N-3/8-24X.275-NY-250,4500,Algood Casters,,
N-3/8-24X.312-NY,250,Algood Caster,,
N620481-S430,2000,STELFAST,,
N620483-S2,600,INFASCO,,
NA1055-02,450,Infasco,,
NR5034,2000,MSD METAL,,
NU1136,12000,Infasco,,
NU1136-01,12000,,,
NU1144,25000,Infasco,,
NU1205,74000,Infasco,,
NU1237,20000,Infasco,,
NU1305,65000,Infasco,,
NU1305-01,65000,Infasco,,
NU1348,44500,Infasco,,
NU1405-00,75000,INFASCO,,
NU1510,35000,Infasco,,
NU1510-00,35000,Infasco,,
NU2016,3500,Infasco,,
NU2090,30000,Infasco,,
NU2255,2000,Infasco,,
NU3014,10000,Infasco,,
NU3014-01,10000,Infasco,,
NU3014-02,10000,INFASCO,,
NU3019-00,4700,Infasco,,
NU3025-00,41000,,,
NU5108,65000,Infasco,,
NU5108-00,65000,Infasco,,
NU5210,35000,Infasco,,
NU5210-03,35000,,,
NU6100,400,Infasco,,
NUT1923,800,Infasco,,
P-0007,5000,jeyco,,
P-0014A,900,jeyco,,
P0520900,700,Infasco,,
P06508741AA,2100,Infasco,,
P06509078AA,250,Infasco,,
P06509598AA,170,Infasco,,
P06510866AA,1900,Infasco,,
P06510997AA,75,Infasco,,
P06511637AA,1200,Infasco,,
P06511672AA,1400,Infasco,,
P06511701AA,2300,Infasco,,
P06511834AA,100,Infasco,,
P06511847AA,750,Infasco,,
P06512106AA,200,Infasco,,
P06512149AA,1300,Infasco,,
P06512313AA,3500,Infasco,,
P06512544AA,750,Infasco,,
P06512851AA,1050,Infasco,,
P10083390,875,Infasco,,
P1022068,450,Infasco,,
P1022168,1100,Infasco,,
P1022268,900,Infasco,,
P113900048,900,Infasco,,
P11502717,1300,Infasco,,
P11514517,2200,Infasco,,
P11514596,2500,Infasco,,
P11514597,1300,Infasco,,
P11514598,700,Infasco,,
P11515744,800,Infasco,,
P11515889,1500,Infasco,,
P11516074,700,Infasco,,
P11516076,2200,Infasco,,
P11516077,1200,Infasco,,
P11516078,700,Infasco,,
P11516133,500,Infasco,,
P11516382,450,Infasco,,
P11516383,300,Infasco,,
P11516650,800,Infasco,,
P11516754,650,Infasco,,
P11516755,500,Infasco,,
P11516781,800,Infasco,,
P11516782,500,Infasco,,
P11516783,350,Infasco,,
P11517068,5000,Infasco,,
P11517665,3000,Infasco,,
P11517996,1200,Infasco,,
P11518428,1200,Infasco,,
P11519114,600,Infasco,,
P11546364,3500,Infasco,,
P11546365,1900,Infasco,,
P11546366,1200,Infasco,,
P11546367,700,Infasco,,
P11546368,450,Infasco,,
P11546369,300,Infasco,,
P11546370,220,Infasco,,
P11546377,2150,Infasco,,
P11546378,1250,Infasco,,
P11546379,700,Infasco,,
P11546388,6750,Infasco,,
P11546389,4500,Infasco,,
P11546391,4500,Infasco,,
P11546437,1500,Infasco,,
P11546438,1200,Infasco,,
P11546440,1550,Infasco,,
P11546448,3300,Infasco,,
P11546449,2500,Infasco,,
P11546456,2700,Infasco,,
P11546462,650,Infasco,,
P11546463,450,Infasco,,
P11546465,1100,Infasco,,
P11546545,2500,Infasco,,
P11546546,1600,Infasco,,
P11546566,1800,Infasco,,
P11546571,1550,Infasco,,
P11546593,700,Infasco,,
P11546656,1500,Infasco,,
P11546676M,2000,Infasco,,
P11546703,4000,Infasco,,
P11546774,450,Infasco,,
P11546860,3000,Infasco,,
P11547059,550,Infasco,,
P11547139,700,Infasco,,
P11547176,850,Infasco,,
P11547205,700,Infasco,,
P11547274,4000,Infasco,,
P11547327,800,Infasco,,
P11547349,350,Infasco,,
P11547417,2500,Infasco,,
P11547509,550,Infasco,,
P11547830,275,Infasco,,
P11547985,1250,Infasco,,
P11548144,650,Infasco,,
P11548147,250,Infasco,,
P11548360,800,Infasco,,
P11548414,485,Infasco,,
P11548535,150,Infasco,,
P11548630,1000,Infasco,,
P11549058,2450,Infasco,,
P11549168,1000,Infasco,,
P11549169,660,Infasco,,
P11549169-M12NUT-002,660,Infasco,,
P11549170,400,Infasco,,
P11549171,280,Infasco,,
P11549204,210,Infasco,,
P11561114,400,Infasco,,
P11561395,2500,Infasco,,
P11561645,4000,Infasco,,
P11569605,1500,Infasco,,
P11569637,900,Infasco,,
P11569638,800,Infasco,,
P11569655,250,Infasco,,
P11588293,1150,Infasco,,
P11588325,500,Infasco,,
P11588709,2200,Infasco,,
P11588714,1400,Infasco,,
P11601873,550,Infasco,,
P11602031,145,Infasco,,
P11602292,1000,Infasco,,
P11602326,120,Infasco,,
P11602718,8000,Infasco,,
P11602888,425,Infasco,,
P11602904,1200,Infasco,,
P11609204,210,Infasco,,
P11609279,4000,Infasco,,
P11609280,2000,Infasco,,
P11609411,3000,Infasco,,
P11609486,200,Infasco,,
P11609618,800,Infasco,,
P11609789,3600,Infasco,,
P11609826,175,Infasco,,
P11610091,2500,Infasco,,
P11610091S,2000,Infasco,,
P11610091T,2500,Infasco,,
P11610122,1200,Infasco,,
P11610126,1200,Infasco,,
P11610128,1125,Infasco,,
P11610376,900,Infasco,,
P11610535,800,Infasco,,
P11611121,1300,Infasco,,
P11611122,2500,Infasco,,
P11611431,475,Infasco,,
P11611548,100,Infasco,,
P11611653,800,Infasco,,
P11611883,5500,Infasco,,
P11611960,8000,Infasco,,
P11611990,800,Infasco,,
P11612078,1850,Infasco,,
P11612234,1100,Infasco,,
P11612261,300,Infasco,,
P11739913,1200,Infasco,,
P1339,1500,Ready Rivet,,
P1400-N,1400,Infasco,,
P1420503001,1500,Infasco,,
P15017238,400,Infasco,,
P15046285,250,Infasco,,
P15047163,2000,Infasco,,
P1568517,2700,Infasco,,
P15685170,2700,Infasco,,
P1569605,1500,Infasco,,
P200393508,1200,Infasco,,
P2046350,1900,Infasco,,
P2117050,400,Infasco,,
P2152050,800,infasco,,
P2152051,800,INFASCO,,
P2200750,1200,Premier,,
P22275103AA,1200,Infasco,,
P22764042,250,Infasco,,
P22800396,1300,Infasco,,
P2603050,480,Infasco,,
P2W0399928,4500,Infasco,,
P3001150,2100,Infasco,,
P3001650,1900,Infasco,,
P3020450,1900,Infasco,,
P3052243-03S,1500,Infasco,,
P3052246-04S,2150,Infasco,,
P3052250-02S,650,Infasco,,
P3200750,1800,Infasco,,
P3326750,1200,Infasco,,
P3866766,2100,Infasco,,
P3948750,600,Infasco,,
P40037574,150,Infasco,,
P40050697,160,Infasco,,
P40068074,150,Infasco,,
P40073474,150,Infasco,,
P40109770,250,Infasco,,
P40110160,200,Infasco,,
P40161567,175,Infasco,,
P40173371,1750,Infasco,,
P40179994,170,Infasco,,
P40179995,270,Infasco,,
P4019770,250,Infasco,,
P40204490,300,Infasco,,
P4355350,1900,Infasco,,
P4382250,4000,Infasco,,
P4511150,2100,Infasco,,
P4519-19,1100,Infasco,,
P500009196,1200,Infasco,,
P500009297,1200,Infasco,,
P501571B,1100,Infasco,,
P52056965,700,Infasco,,
P54043001,425,Infasco,,
P61273,300,Infasco,,
P61525,3000,Infasco,,
P6M160MM,2300,PENN Engineered Fasteners Corp.,,
P7140-00018AA,650,Infasco,,
P7150-1549-03,815,Infasco,,
P7241150,180,Infasco,,
P7241250,1900,Infasco,,
P7241650,180,Infasco,,
P7241950,180,,,
P7320491,1900,Infasco,,
P742000047,700,Infasco,,
P742000064,700,Infasco,,
P82218,320,Infasco,,
P82222,175,Infasco,,
P82244,600,Infasco,,
P82246,250,Infasco,,
P82247,220,Infasco,,
P83106,4500,Infasco,,
P85158,600,Infasco,,
P90280051,4000,Infasco,,
P91058,1200,Infasco,,
P9132268,2400,Infasco,,
P92468,1000,Infasco,,
P94012039,2500,Infasco,,
P94012078,100,Infasco,,
P94012150,325,Infasco,,
P94728804,1100,Infasco,,
P98055704,4000,Infasco,,
PC8SZ-6A529A,1100,Infasco,,
PCKY1232,250,MAGNUM 2000,,
PCKY1233,150,MAGNUM 2000,,
PDIN6921,1800,Infasco,,
PE12540,3500,Infasco,,
PE6267AA,525,Infasco,,
PFE5097-CA,1400,Infasco,,
PFU7J3B477AA,150,Infasco,,
PG51017,800,Infasco,,
PH62324AA,1200,Infasco,,
PHN131FS439,2500,Turn-0-Martic,,
PJ-10220-68-00,450,Infasco,,
PJ-10221-68-00,1100,Infasco,,
PK1046AB,1600,Infasco,,
PL-3029722,20000,R&R Rivet,,
PL-9470567,3000,Premier,,
PLX6A-62428-BD-58502-RB,1100,Infasco,,
PM0401001,2500,Infasco,,
PM10125NILN,1000,Infasco,,
PM12175-ISO7043,575,Infasco,,
PM1811AA,200,Infasco,,
PM51020,1200,Infasco,,
PM93000340,1800,Infasco,,
PNU1136,12000,Infasco,,
PNU1205,74000,Infasco,,
PNU1237,20000,Infasco,,
PNU1305,65000,Infasco,,
PNU1348,44500,Infasco,,
PNU1510,35000,Infasco,,
PNU2255,2000,Infasco,,
PNU3014,10000,Infasco,,
PNU5108,65000,Infasco,,
PNU5210,35000,Infasco,,
PNU6100,400,Infasco,,
PNUT1923,800,Infasco,,
PP3001150,2100,Infasco,,
PP3326750,1200,Infasco,,
PP3948750,600,Infasco,,
PP40204490,300,Infasco,,
PP4355350,1900,Infasco,,
PP4382250,4000,Infasco,,
PP4511150,2100,Infasco,,
PPJ-10220-68-00,450,Infasco,,
PPJ-10221-68-00,1100,Infasco,,
PSZ310C1901,1500,Infasco,,
PW520511-S450,6400,Infasco,,
PW520773-S300,575,Infasco,,
PW715851-S450B,1900,Infasco,,
PW719080-S450B,1050,Infasco,,
PW720003-S437,1050,Infasco,,
PZ18-7P483-AA,195,INFASCO,,
R15-403879,15000,Ammex Plastics,,
R38076595120,1050,INFASCO,,
RMMX0158,300,MAGNUM 2000,,
RQ-5044,700,Premier,,
RS539X2.225,1000,R&R RIVET,,
RS924X3.237,1600,R&R RIVET,,
RV335X2.687,500,R&R Rivet,,
RV335X3.062,400,R&R rivet,,
RV675X1,25000,R&R Rivet,,
RV675X1000MGO…,2300,R&R Rivet,,
RV924X0.312/ZP/20263,8000,R&R Rivet,,
RV924X0.500/ZP/20563,6000,R&R Rivet,,
S0365X0.580,1600,R&R Rivet,,
S2116-07-RB,2000,INFASCO,,
SA-7000-13,85,Infasco,,
SAA64MGA,5000,R&R rivet,,
SE1792,5000,Pencom,,
SH00250.414,4000,R&R Rivet,,
SH00315.389,2000,R&R Rivet,,
SL2404-00,2800,,,
SM110319,5000,SIRIUS,,
SM110337,5000,SIRIUS,,
SORT-2620072,500,Ready rivet,,
SORT-MICHC3056,1500,Ready rivet,,
SP114XO.293,25000,R&R Rivet,,
SP2103-03,4400,Infasco,,
SRT-AA0135-P002,1000,Ready Rivet,,
SRT-CH-104-16,300,Ready Rivet,,
SRT430TFL501A,600,Ready Rivet,,
ST8OID912OD1118,1000,COLLISON-GOLL,,
SZ310C1901,1500,Infasco,,
T0671G0220,800,Trans-Matic,,
T375S02687T,500,R&R Rivet,,
TFAA54264.1859,350,R&R rivet,,
TFAA5426A2319,400,R&R rivet,,
TH M0821200CB,500,Ultra form,,
TOM 0034,1000,TOM,,
TOM 1719,1200,TOM,,
TOM 1920110002,2000,TOM,,
TOM 236,2000,Turn-0-Martic,,
TOM 2692-004,2000,TOM,,
TOM 85531,2000,Turn-0-Martic,,
TOM FL514,2500,Turn-0-Martic,,
TOM FL515,500,TOM,,
TOM0104,1500,Turn-0-Martic,,
TOM0120,1500,Turn-0-Martic,,
TOM681,1800,tom,,
TOYO1053DA-010ASY,180,Commecial Spring,,
TOYO1064DA-010ASY,110,commercial spring,,
TS.10112FSASS,5000,Accurate Fasteners,,
UB 02520112075WZ,1000,Accurate Fasteners,,
V-3/8-24X.312,250,Algood Caster,,
W10610,2500,Focus Machine,,
W20-1028-010,1450,,,
W20-1028-010NA,1450,INFASCO,,
W20-1028-012,940,INFASCO,,
W20-1028-012NA,940,INFASCO,,
W20-1028-016,430,INFASCO,,
W20-1028-016LT,430,INFASCO,,
W20-1028-016NA,430,INFASCO,,
W20-1028-020,215,INFASCO,,
W20-1028-020SL,215,INFASCO,,
W520101-S437,3000,INFASCO,,
W520101-S440,3000,INFASCO,,
W520101-S442,3000,INFASCO,,
W520101-S450,3000,INFASCO,,
W520101-S450B,3000,INFASCO,,
W520111-S440,3500,INFASCO,,
W520111-S450B,3500,INFASCO,,
W520112-S440,1700,Infasco,,
W520113-S424,1050,INFASCO,,
W520113-S440,1050,INFASCO,,
W520113-S441,1050,INFASCO,,
W520203-S440,960,INFASCO,,
W520217-S440,135,Infasco,,
W520217-S900,135,INFASCO,,
W520217-S990,135,INFASCO,,
W520412-S442,3800,INFASCO,,
W520413-S450,1900,,,
W520413-S450B,1900,INFASCO,,
W520413-S450L,1900,INFASCO,,
W520414-S440,1120,INFASCO,,
W520511-S450B,6400,Infasco,,
W520514-S442,1125,Infasco,,
W520773-S300,575,Infasco,,
W520773-S330,575,INFASCO,,
W701582-S437,1850,INFASCO,,
W705606-S440,580,INFASCO,,
W708904-S442,1600,Infasco,,
W708991-S439,6000,National engineered fasteners,,
W711169S440,850,Infasco,,
W711468-S437,1600,INFASCO,,
W711953-S900,1750,INFASCO,,
W715851-S450,1900,Infasco,,
W715851-S450B,1900,Infasco,,
W716298-S450,3500,INFASCO,,
W716298-S450-ST8,3500,INFASCO,,
W717781-S900,120,INFASCO,,
W718057-S442,1000,Infasco,,
W719080-S450,1050,Infasco,,
W719080-S450B,1050,Infasco,,
W720003-S437,1050,Infasco,,
W720003-S442,1050,Infasco,,
W720123-S440,700,Infasco,,
W721876-S900,2100,INFASCO,,
W722565-S900,1500,INFASCO,,
WC-2682,20000,PENN Engineered Fasteners Corp.,,
WC1563,1000,PENN Engineered Fasteners Corp.,,
WC2091,1000,MoldCo Inc.,,
WC2434,8000,PENN Engineered Fasteners Corp.,,
WC2448,8000,PENN Engineered Fasteners Corp.,,
WC2483,1000,PENN Engineered Fasteners Corp.,,
WC2613,2000,PENN Engineered Fasteners Corp.,,
WC2643,8000,Penn Engineering,,
WHF85814152B,10000,PENN Engineered Fasteners Corp.,,
WOC10002,3000,PENN Engineered Fasteners Corp.,,
WOC10091,3500,PENN Engineered Fasteners Corp.,,
WOC10140,1800,PENN Engineered Fasteners Corp.,,
WOC10266,3000,PENN Engineered Fasteners Corp.,,
WOC10466,13700,PENN Engineered Fasteners Corp.,,
WOC10517,5000,PENN Engineered Fasteners Corp.,,
WS .08100PQ17DT2,7000,Accurate Fasteners,,
X6389-1,200,CMI,,
X6504,100,CMI,,
X6656,500,CMI,,
X6665,200,CMI,,
X6688-1,5000,CMI,,
X6689,500,CMI,,
ZD8001-1003612,1500,Ready Rivet,,
ZD8001-1003613,1500,Ready Rivet,,
ZDDA23534432,2500,Infasco,,
ZF1700-P6540050,1200,Ready rivet,,
ZF1700-P6544050,2500,Ready rivet,,
ZF1700-P6545050,650,Ready rivet,,
ZRASC0503114808,2000,Infasco,,
ZSORT-2420004,1500,Ready Rivet,,
ZSORT-262007100,900,Ready Rivet,,
ZSORT-2620092,2000,Ready Rivet,,
ZSORT-3020388,325,Ready rivet,,
ZSORT-CH-104-21,400,Ready Rivet,,
ZT430-T00CK073B,10000,Ready rivet,,
ZT430-T00CK074B,10000,Ready rivet,,
ZT430T002FL501,600,Ready rivet,,
ZT430T4U3FL502A,1000,Ready rivet,,
